nome_cliente,telefone_cliente
Prent Bridgement,8363709893
Dunstan Hinksen,9089875550
Amie Hayhow,6179141918
Byrle Bickerdyke,5352254174
Nissie Sloper,7444066535
Don Morsom,8975623943
Dicky Ferrario,8229446863
Hunt Strawbridge,5367969098
Cedric Bracher,3045592269
Thomasin Hatry,1164810216
Henrik Plait,1971809447
Aaren Semkins,2955253484
Miller Kestin,2656225294
Toby Zorzini,6729764351
Sidney Walworche,5992523554
Yul Joscelyne,2517512645
Callie Staton,9092248990
Aime Nono,4106410134
Ulrike Vizor,1534198733
Wells Dickinson,2465904095
Standford Keech,3056210843
Brandon Sherwell,9966947164
Diane-marie Somerton,5857383806
Sammy Wyld,3123570140
Bel Dalliwatr,4075103443
Laney Beaby,3203889465
Yorgos Cody,7439079887
Alla Tommaseo,5999143485
Frannie Pepperell,3097322457
Tabbatha Jeacock,2917391782
Talbot Oddey,6335164417
Marylou Collinwood,6583698688
Theodore Yersin,3137915281
Kirbee McIlvenny,4613322497
Janna Islip,3553590032
Margalit Cousen,8132566792
Garwood MacDonnell,7084850854
Lindi Didball,4559749718
Heddi Swabey,3836208625
Elmore Itter,1215418493
Charlena Gierth,5023673560
Donal McGraw,1799983153
Prince Beckhouse,7146963039
Orelie Hambling,3642287248
Aigneis Brute,4666083643
Humfried Collier,6108069592
Crawford Edmonds,4022617960
Oliy Pinchon,1236378162
Talia Whiston,4679977980
Gisele Nare,6436839088
Roma Levins,5196368126
Gaston Cowndley,2259182319
Isabella Sherrington,1797611322
Nelie Broadwell,9123281227
Kerby Sabatier,2956052636
Royal Menel,6837018598
Theresina Vile,2798611872
Bonni Lillico,6797070722
Jesse Lardez,7938587869
Reina Matherson,3452968737
Daniela Goodson,6842965372
Rosalia Cawdell,8977274919
Glynn Toohey,2548896793
Kelsi Haselup,3379696341
Percival O Fielly,2843834977
Clarabelle Nelissen,1511595084
Kiri Sanger,9892732943
Mame Folk,6266381145
Pierette Uwins,2694991272
Jorgan Dumberrill,8326860587
Clarita Feldklein,9467760460
Darelle Busby,1093452111
Erminie Pennini,3527232464
Rafael Bryning,1825066899
Steffen Linsey,5653552082
Denise Heining,7997074816
Tana Owbrick,5081953166
Penn Emblen,1351689948
Wenda Ruspine,5162319271
Max Boik,1999608814
Beniamino Trevaskiss,4366306865
Nelia Brommage,5894170978
Fara McChesney,8785630982
Gabbie Gehrts,4078572732
Demetrius Goodby,5259272460
Viviene Portriss,4146603421
Phillie Jonczyk,3744250642
Kial Dennert,2665477798
Sebastien Pawels,2256004744
Netta Yakebovitch,9813931366
Rachael Wudeland,7022447237
Nicolea Milliere,5759109852
Jasper Marte,6511441196
Gabie Hendriks,8049949133
Charlene O Crigane,3094340420
Marje Knapper,2879690423
Bordie Tarrant,2182196699
Lucinda Bellworthy,7648247762
Berrie Davy,9182277356
Humfrey Dews,2478540273
Carlen Bridywater,3559406601
Arden Sneyd,9838754577
Evangelin Dismore,9467184137
Jareb Kleingrub,8935528584
Simmonds Flewitt,1238236978
Faunie Stolberger,3094583179
Rosette Jenkinson,6012326408
Livia Dockwra,3057776934
Irene Darlaston,5745532190
Town Kerins,3101727590
Bonnee Varndell,3349845342
Jed Tumilson,7705607617
Benetta Dinis,9349892583
Pen Cogley,5594124597
Lorenza Cocher,9803583549
Lenka Mcwhinnie,9518167814
William Potell,6546348088
Pierson Garritley,5323690848
Sawyere Fryatt,1398993851
Chastity Burnhard,6919917397
Ezechiel Riepl,2487136340
Joeann Stadden,6779311676
Brittaney Donnan,3604248836
Mickie Petel,8271783224
Janine Wastall,8141627451
Kori Kimbly,2956256715
Gian Provest,5271573026
Saw Willingham,6931980819
Rodger McConaghy,3404179863
Michaela Vaz,9492090186
Kathye Delap,6765462114
Emanuel Brakewell,1211268796
Renell Ardy,5457115309
Maxy Paffot,3027565782
Kathi Cescotti,7405133730
Lyman Tillot,5156952182
Blayne Lindborg,9987681837
Juana Dauney,2063138913
Geraldine Petticrow,7454279336
Chaddie Galia,8525478173
Husein Ride,9106858921
Ramsey Kures,7883178115
Audy Boxall,9813856521
Audie Fawlkes,1687428938
Gayla Hearn,6638735673
Isac Templeton,1192408210
Wallis Rockcliffe,8849357026
Garnet Dobinson,6217308959
Athena Rutigliano,7672586669
Leann Elstone,3923061883
Dick Abatelli,6613104221
Robinson Dewdney,7693438241
Lilah Reckus,4146888460
Ianthe Gritsaev,4223146119
Virge Karys,8349038867
Laurens Fantham,9932143333
Guilbert Churchard,2961171283
Yolanthe Weaben,7527989702
Manfred Kleinber,2288509242
Leisha Loche,9661226755
Heddie Lethebridge,2492788920
Ricca Dawbury,1805927842
Conn Oneill,3379449859
Hugh Blest,6334744095
Kristofor Blunn,4647707105
Hollis Heineke,1932935469
Shandee O Mullally,6571608464
Marcus Rockingham,2758020883
Budd Jecock,6998120079
Michal Schleicher,5088663955
Mabel Stollsteimer,1494734630
Madalena Dowsett,7064567974
Adelle Champney,3246122448
Colline Smeeton,1844414581
Krispin Emmot,4478163251
Victor Greenin,7796723476
Moria Vasse,5795073489
Archy Gudeman,7246505224
Waring Fawbert,7038862595
Micheline Hurles,5754130170
Talya Delepine,2973929558
Isobel Kelson,3518682691
Franciska Challenor,7684880838
Neel Brent,5152415956
Konstanze Washtell,8041480548
Merrilee Choppin,5938310727
Romola Chase,7981889289
Edgard Bastiman,2901216660
Sonny Dash,9654919013
Moise Shaddock,1233371725
Herschel Vassel,8289526146
Dorris Haney`,7286930835
Maribel Canacott,2411661950
Antonius Showers,3273154662
Blane Kingh,5375035276
Lavinie Cragell,5151398409
Pennie Dietz,5096531009
Ardelle Radmore,8411614954
Esme Pippard,6447371627
Meade Gallelli,3306476638
Celisse Deans,1009477125
Marjory Cadell,9178023557
Wallie Donisi,6203877842
Neilla de Werk,4969115513
Alessandra Pude,5134439061
Fan Bednell,5911898074
Malachi Euston,8783955517
Reid Lemar,3079127813
Sherie Duignan,6368652303
Audre Waberer,8407246695
Danie Mackstead,8653825588
Beret Hardes,9739771258
Jarvis Puckham,3924895243
Jodi Brackstone,1576453385
Michele Heningam,8412764211
Lethia Dunniom,8024080664
Amos Casarili,3629816470
Orel Boulsher,3432282720
Thadeus Mabbot,2389964515
Galvin Kellett,7915902417
Brittaney Marchington,6103638518
Birch McPeeters,3684310076
Trefor Flather,7269325393
Morty Bickerdike,2628766197
Thomas Reynold,6093916525
Clim Airdrie,7262273814
Friedrich Camden,4419813932
Hector Callendar,8093697364
Barthel Pyke,9541989411
Philly Tench,8356345325
Guendolen Alger,5256819390
Hedda Brownlea,4535243359
Laetitia Boole,6427698304
Tasha Jagoe,1379358685
Venus Waby,5636689351
Staford Danilewicz,5928847669
Mitzi Roobottom,6478921571
Darell Chaimson,1722806317
Sallee Perico,7737133511
Caddric Puleston,7873871083
Shawna Lant,9905706374
Inna Randles,9294356777
Glennis Attwooll,3954485255
Inge Leahy,8941428567
Beatrix Kropp,6431661889
Bar Crasford,1783850455
Albertine Pritty,8189247520
Melodie Rugieri,4999834135
Genevieve Beig,5527123566
Gaye Coke,9345614193
Robert Whibley,2338836731
Lorri Van der Velden,2233478604
Darelle Leaning,2291943351
Lemar Laste,3429779172
Griffy Lavallin,3855783634
Kitti Gillions,3864563685
Alvin Losty,6093088607
Gerianna Hiner,9637662203
Aguste Quinet,6703733386
Bird Yurshev,1232699798
Humfrid Aspinal,3711824561
Gerhard Castiglione,5617615285
Sterling Melmoth,7524067487
Corissa McInteer,2237771249
Colan Eite,9399004374
Wilow Marsland,5771810466
Pernell Coronado,7036059204
Nevins Becke,8919879069
Talbot Krabbe,5309762047
Moses Oppy,4302432662
Dionisio Sinyard,2683212248
Orion Stiven,7364914530
Vonny Plampeyn,2403796644
Susana Dobey,5179884855
Coralie Lown,1999359014
Tim Bonnet,8478244574
Vivienne Durtnall,6826105520
Hadleigh Slimm,9332049334
Keefe Conkey,3928061071
Meagan Grundey,5726865635
Cory Castelluzzi,5395946055
Ardelle Thoresbie,3523232487
Claudius Steane,4073009245
Natale Crinkley,8887317690
Cassandre Sprague,2211409694
Kayne Savins,1987785845
Dynah Chastan,5349836540
Bird Phelip,7672586530
Prudy Kembrey,5709888234
Saleem D Adda,8388362649
Clarey Denys,2489458989
Augie Howlett,7773273801
Myron Banasevich,8524573914
Damiano O Sheilds,1392437885
Janot Wyeth,4257391597
Blinnie Russell,9844625043
Torey McGrouther,1353483438
Fabien Stops,8084630582
Bjorn Legging,6942827649
Baryram Duester,6364953144
Saundra Southeran,3097380301
Jodi Dallon,1294494318
Hulda Ehlerding,1627665921
Berty Winsley,2932334920
Katy Gaveltone,1035184285
Cecilla Hatje,2313101709
Ludovico Billington,6104121315
Nicki Bowton,8084825182
Aviva Astlett,6037063832
Sandor Hanalan,1701979463
Patsy Barkshire,7538920812
Ottilie Reihill,1021602956
Eleanor Tolcher,6565114410
Celisse Gillow,4393838825
Koo Hallifax,1953938408
Abagael Fairbrother,3149160993
Gard O Keaveny,1965224987
Portia Cullinan,8603810979
Nichole Dawid,5036243906
Shelden MacCague,1786962993
Glad Hurkett,4922003400
Marshall Sarfatti,1327400052
Mallory Aysh,7266214227
Dena Bartos,2167109841
Derry Arnault,3177858796
Dore Malkie,6146414192
Aeriell Vigurs,3016892787
Jasmine Bauchop,5451316472
Ninette Snalum,9026704061
Marie Gummory,3044838449
Elizabeth Petrasch,7879881069
Rhianna Witt,6688378173
Jennica Springthorp,6877172288
Idette Rajchert,1979197430
Rowen Flarity,9853588859
Karrah Sudworth,4048442541
Zachery Hacquoil,4909354283
Theodoric Hebblewaite,7034020308
Chadwick Regi,3214657800
Nanette Sofe,6249253667
Rooney Clapston,9496610740
Lissi O Bruen,9103834359
Jodie Massard,3462142982
Joella Chicken,5506821925
Jasun Brunning,1576789518
Hildy Goodrick,1847830624
Theo Isley,6472293004
Hoyt Harses,9075470066
Walt Howatt,8296970247
Flossie Juleff,8435088074
Yetta Helstrom,5787597890
Bartholemy Bridgement,1395645457
Nichole Cruwys,1502177540
Welch Grivori,5384336400
Herta Pluck,6965442630
Doll Saffell,3859795393
Alta McGaugey,6889088436
Patric Swalwel,6255317030
Jehanna Clues,8102848714
Ysabel Cale,2125292304
Nicolle Duesberry,1669843454
Letitia Simionescu,8819008340
Miltie Chattock,6093938458
Shanna Chace,2394030278
Normie Wyndham,7807814509
Haven Hudleston,5354374795
Doy Beche,5646330238
Frances Licciardello,3946026850
Bessy Follacaro,8055666684
Chery Danilov,4256040183
Teddy Bruinemann,6565958838
Tallie Thams,2834926375
Garvin Cranmore,1593558752
Gustavo Stammer,7578861577
Franky Compson,7082224964
Kimball Wegenen,3619936607
Felipe Lindores,6271211239
Patton Grovier,4814579560
Marge Wilks,2913882086
Lana Filyaev,7305447523
Ford Fawks,2035133712
Haslett De Gregario,2734984160
Tadio Thorley,5734411437
Fredi Gurnett,5351152962
Patricio Georgeon,8637609774
Marya Haydney,9657915094
Sella Curnokk,3099413470
Donelle Simkovitz,6553335613
Eloisa McCord,9407927348
Cathyleen Gossling,8206380243
Brietta Salsbury,7584293004
Sandro Stut,5382287193
Eleanor Birchall,8265091645
Monti Sperry,4456337619
Fernanda Rosenbush,1691324497
Barny Slater,9816400702
Cam Ankrett,9421185785
Anna-diane McGeever,8575490808
Tanny Caplen,5364263613
Konstanze Mulvihill,2951394366
Clevie McCarly,5613550419
Aimil Quigg,9985593067
Rena Jeskin,3974029990
Joela Beininck,5922896043
Holly Chamberlaine,6947521103
Christye Malter,3107575030
Winona Dumbrill,9328431351
Fredrick Pomeroy,3297678465
Tiffanie Everitt,8744232452
Humfrid Choules,8164444181
Audrey Simes,2732291086
Di Schutze,9454522715
Claudette Kures,1811692280
Tommy Tootell,9756464573
Estelle Pywell,9749928218
Kacie Hedgeman,2973685907
Florina Karet,6695619945
Randy Jecks,8021518883
Estrellita Sherlaw,3093726330
Tarrance Breen,7469115112
Merrile Lewisham,3605020788
Nahum Aaron,4257503027
Cassondra Tomblett,6096575486
Lynnett Dorward,9458184867
Heinrick Kenwood,4434541126
Hartley Peeke,1929669018
Ashlen Dionisii,2395888182
Shauna Godlonton,8545259707
Kinnie Keford,5029185270
Tova Charrington,6551178068
Lev Qusklay,4077454884
Lelia Alessandretti,8874201649
Vinni Antrum,4671790586
Gerhardine Thody,5221062597
Marcille Alvar,4087450934
Gracie Nurny,5359872560
Luca Mephan,4094265907
Nadean Sexcey,3428894305
Cordey Element,7033636152
Issie Rummer,7712316062
Noel Hissett,8159907036
Zitella Zavattero,9373715948
Isaac McMonnies,3397710004
Allys Cassel,8854297965
Mariquilla Thornebarrow,6859107779
Saxon Maddock,5795618089
Lorine Sinton,2298950132
Legra Riccetti,5703033696
Sutherland Batthew,7678122209
Tris McCarry,6478882124
Hale Volke,5318372818
Puff Scramage,6436654753
Graig Fridlington,7069933080
Chauncey Claeskens,3811654411
Barth Boatswain,2872329083
Chan Honacker,8803209919
Antonietta Screase,4198227880
Nickolas Huskinson,4278676124
Gordie Earpe,7651821862
Clemence Allan,3154203405
Dene Skahill,7423491242
Genvieve Havesides,7517726167
Rae Bourne,5031486336
Felisha Lutman,9746270349
Desiree Sigart,9127526099
Kirsti Barajaz,1761797858
Lynn Rollins,7224463265
Archer Batha,4906929230
Mariejeanne Valek,9427432792
Beverie Jolland,7251528596
Bernie Haggard,5925452675
Kaleena Popelay,9055416317
Tabbitha Peel,3207859137
Anders Willcot,2516840963
Madlen Kamen,2722692251
Paxon Cullon,2374819914
Gabriella Prickett,9229106411
Bertie De Witt,5399442281
Rory Pyson,5933746008
Joseito MacFadzean,2073815247
Willetta Davidovitz,8179839533
Rowney Leinthall,6217794134
Robinet Baudichon,2492565280
Wilma Siward,2148240621
Adaline Gorvette,6391708639
Trueman Coatsworth,2122023718
Min Ciciari,8849531108
Susannah Craft,1355606491
Sigvard Heaysman,5451702543
Shana Smalley,3457760851
Augustin Fritschmann,8238582965
Jamil Greatrex,9186793837
Kellia Lampl,2993984357
Faun Kytter,6921614458
Shepperd Guitt,3275396740
Courtnay Cholerton,7368694679
Eveline Viccary,3661522136
Darryl Hubbert,4778830834
Verla Enrdigo,5166652925
Evered Cumberlidge,8462402906
Corey Bernardotte,8711331287
Fanchette Azam,1833589128
Terencio Fairbridge,7797131216
Kingsly Scare,8256140706
Christoforo Ewles,9356160320
Livvie Weare,5737893735
Clarabelle Purches,8001032032
Rollie Stables,3443608430
Corina Apperley,7062136966
Madge Offer,5113649103
Nanette Simioli,2972089104
Ludwig Gianasi,3823999048
Maurizia Danovich,8174371655
Jojo Lagen,7612525657
Dyan Shmyr,7638734582
Belicia Hounsham,6243821326
Maxi Baseggio,9373722203
Celina Stickens,8421841828
Karon Stoffler,8172069374
Erv Job,3543273894
Mira Neenan,8982122289
Leoine Bordman,9413283194
Wain Puffett,1639348623
Gusella Philipps,7945423236
Nobie Van Ross,5224023075
Faina Duerdin,8762620745
Cleopatra Skillitt,5694025103
Rikki Groundwater,6829173911
Walsh Corssen,2933045953
Feliks Kaser,7186684770
Humberto Genike,6319467459
Faustine Fontin,9265530366
Vasily Felder,7584167572
Margie Lacroutz,4366181542
Dud Haggath,7198469388
Johna Lavielle,7855294210
Dell Sallis,6365923358
Steve Purvis,1451747273
Trescha Ruffles,9587781840
Ernestine Leuchars,1818594999
Teresina Elsby,4787867124
Starr Loadwick,9137406159
Jedediah Croydon,3956059199
Zacharie Minto,7936445360
Davidson Sheaber,3305030841
Marcellus Ingerman,4652720716
Sven Warne,2038618347
Marcie Rangall,6961431107
Sharline Lehrian,8812062801
Michael Kobu,2197104056
Valida Kubecka,6457776849
Bengt Waterfield,5942110295
Kenyon Rydings,9651952806
Sarah Merriment,4176546001
Claudius Jentgens,3708005309
Cindie Cardenas,8865048278
Idaline Oldknow,6713956908
Austina Atwell,1886317650
Jamal Cars,1129957094
Obadiah Fernandes,8108381973
Seumas Dulin,6344837240
Silvana Shires,4183440268
Erwin Vye,5101940587
Drew Jindrak,7857010619
Kristofer Staniland,5845864935
Karlie Revans,7404750144
Nola Feakins,4963716131
Kelli Enterle,2176555713
Veradis Parkinson,2542930772
Addy Churly,7464480610
Jeanna Gouldbourn,5302290172
Kylie Camoletto,7754421691
Gaylor Ricciardello,3092038480
Teena Rodda,1279907530
Mirabella Cromie,3392510805
Eirena Exon,1716065394
Claudie Farrent,2452037891
Aili Stopps,4044543832
Marcille Kytter,8427507593
Loleta Lidgley,4117428310
Waring Tiery,6269216044
Edlin Ord,2123430480
Mead Lordon,4784213777
Chrissy Pappin,6421736819
Alphard Klees,4512787337
Josy Coysh,3803456592
Dalenna Edyson,2798229814
Osborne Stollenhof,2797284950
Marcellina Housbie,9236284997
Olivier Melior,9892434826
Giuditta O Dyvoy,9751483342
Tasha Haines,2136013240
Davidde McGarrahan,6805277965
Alwyn Garfit,2308297213
Thaine Ayshford,3483036472
Anica Fernan,5885602913
Goraud Daines,1034333013
Jasper Hurworth,2507417826
Burlie Allner,3028812576
Daron Olding,2896571352
Donavon Izaks,5297256698
Josie Wooller,6049811289
Barbey Fateley,1858120549
Phaedra Crichten,1601545853
Flynn Yve,9799751970
Jehanna Hawyes,1894746707
Luella Tilsley,8707493050
Katharina Woollin,7531119075
Danni Gyngyll,9728389231
Faina Hallows,2008812206
Whitman Hunn,5308543594
Bruis Veart,4148280817
Modestine Mushrow,6279915100
Nickola Tapp,2853081513
Kaye Martinie,9678806026
Moise Calrow,6215773508
Nicolis Simnell,9985019648
Bryon Gorton,5353428868
Bennie Cochet,5313917577
Ignacio Faber,1034961089
Sigfried Kemmett,7163325839
Patrick Purvess,4019705171
Dasya Lay,3774473498
Harlen Lequeux,6965019925
Marketa MacPike,4324224754
Barbe Carrick,4284781143
Miles Shipton,7048424750
Hermie Kingham,1515646213
Lemmy Yedall,5671170875
Tadeas Honeyghan,2906065089
Corabella Giller,8954803196
Ignacius Sowle,9441960152
Cristie June,3468311224
Wiatt Lush,8618035133
Marsh Boxer,5081873427
Ad Filippov,8907090965
Christen Banting,8209611472
Odette Kelson,3792430277
Cynthy Fehely,7449218604
Mattie Drayson,2908677510
Marquita Penritt,6943295283
Honoria Bohlin,1993051525
Rani Mouatt,4055163304
Edy Moreland,2846690898
Amil O  Liddy,3883283779
Gregor Alben,4951066777
Artemus Slidders,8003592938
Terrye Hickin,9126892488
Ricard Rowberry,2109186189
Linda Duffyn,2142699127
Micheil Bohler,6498724393
Jeanna Ferrero,1518197529
Jerrilee Tarborn,9732766427
Wiatt Jellyman,5409444853
Dimitry Rubinowicz,6231477859
Stacee Jouandet,8453671028
Slade Winyard,9041157967
Marcel Brownhill,6191425710
Abra Slavin,8248616325
Hugibert Lenaghen,1255299271
Karry Troni,1231340766
Sharona Jancso,3672441174
Opalina Ogelbe,1937731531
Cherianne Boggs,8557816299
Quintus Roundtree,9104237108
Farris Laux,1906926863
Hersh Halbeard,1341594806
Derick Coyne,6845086797
Bear Draayer,7173633804
Gus Sellman,6011181738
Galvin Pattle,4901940487
Bernhard Bemand,6733325057
Chiquia Gannon,5469821232
Jo-anne Mower,8901026022
Joellyn Colpus,1494725306
Margret Casely,3324245178
Melany Lockless,3645691425
Theobald Lovitt,3471758548
Kassie Lantaff,4488941640
Stanfield Lindermann,5463192667
Rivi Lakey,4207563995
Luci Allgood,2156861889
Nealy McAneny,9253595506
Merv Natalie,6241257040
Imelda Plait,6539723126
Bobette Camber,2354339461
Bridgette Allone,6374075550
Ainslie Lomas,8258165671
Laural Spoole,3011041380
Sharline Brownsett,9853013188
Brockie Simpson,6553002587
Amble Scyone,3092097110
Shelley Penman,2538238504
Skye Baudinet,4912994479
Holt Ruddiforth,4029200264
Vic Chiechio,9038980700
Willdon Bowles,1761278680
Cammy O Dwyer,3303266729
Ninon Stoter,9526311596
Fran Jorry,4171188579
Marget Mitchelson,5033650908
Yovonnda Royston,5313009456
Collen Tosdevin,1773846311
Jandy Hardey,8742129146
Che Drackford,2822312864
Noni Ovey,6254944645
Kin Corkhill,1358869311
Emile Gotthard.sf,7795120661
Aila Neat,3392554057
Veronike Rojahn,3396705660
Bella Kunisch,2047677366
Mariejeanne O Neill,1984402191
Domenic Bockings,4757643573
Joane Dunan,6029158469
Minna Rochford,1326793857
Tod Squirrell,3749157284
Hercules Wark,9325556781
Sebastien Zywicki,3815898165
Olenolin Janu,7455412097
Huntley Bilam,8563102823
Errol Stower,1979693065
Giffer Bastiman,8483664462
Josie Pidgeon,9158281419
Sue O Cullinane,8062016500
Robby Tring,5984185909
Kass McElwee,5878656331
Glynn Cotterel,7159620058
Arel Booler,6577858531
Larry Hobbert,9343191443
Marjy McIlwreath,2087586295
Pavlov Ballham,4842579434
Myrtie L Archer,7421271520
Myrna Burdett,1629604903
Mohammed Prandi,8893439401
Charley Redmayne,2881379715
Harwilll Liversage,6403758648
Thomasine Tilford,3527496213
Alicea MacHoste,1984010297
Lyndsie Tunnicliff,1751711483
Faye Thomas,3686602277
Casandra Fidock,2294807762
Lorena Casazza,1837179112
Kath Whysall,2086396323
Harmonie MacGarrity,2566695908
Odie Spittall,4407376213
Gail Jimmes,9192039355
Ema Hofler,5565975747
Biron Endersby,8526437179
Reynolds Helliwell,7556391346
Mariellen Scargle,5317760688
Ianthe Castanos,9542519003
Ernestine Delong,3165939650
Kelcy Rubbert,1746875166
Sinclare Lunk,1232878709
Marris Dartan,1456542944
Abramo Flett,8548071142
Noach Repp,6671842625
Caryn Bleazard,2409340634
Dallis Gatheridge,2355309508
Nollie Solomon,5325432878
Jami Uzelli,7841876337
Ruthanne Strangward,5469543555
Sydel Fritschmann,4118125588
Gleda Cosyns,3755280291
Ginnie Fettes,2511699044
Demetris Dory,8535050029
Erasmus Ridges,3138846675
Lee Candey,8801357062
Saxe Boame,1748947906
Lukas Januszewicz,1822826235
Munmro Huntly,6157647470
Johnath Pull,5626573218
Derrek Norsister,9249078538
Maris Sibly,6513144708
Simeon Heelis,5923329670
Rollins Fellis,8554865234
Brooks Bleything,2075444044
Giraud Dunbabin,1586241706
Marcello O Hannen,4693223405
Rafael Leheude,5668406049
Jesse Montez,3996920681
Ariana Niaves,3022907516
Osbert Vertey,8962183963
Corabel Seiler,8074144377
Aline Curgenuer,8469808025
Siward Forsythe,4314205425
Jeniece Ipwell,5204600526
Gerri Casero,7741737073
Reinhard Luxford,3289489525
Rici Kaiser,7368716295
Marline Buckel,3244487449
Robby Veldstra,8708649202
Bruis Davydychev,6211735347
Quintina Doblin,5486165916
Benji Beharrell,3664737826
Alard Maris,8988750164
Debee Duguid,6647102692
Leigh Larose,2803086475
Abdel Cockerell,5037890264
Kailey Ney,1241973635
Melitta Rape,6092499852
Ajay Syrie,9731418044
Fredia MacMickan,6826312814
Ellissa Zottoli,7729609537
Pammi Roycraft,2992903617
Rabi Keppy,6595346079
Allyn Klimentov,5425064593
Jedediah Burwell,7297977773
Lucilia Pelerin,7606004245
Maggi Maddison,4902002468
Ricky Tamsett,9155107074
Karisa Griffith,9873799012
Joni Daelman,2729217304
Mackenzie Bentke,5072900601
Sophi Philipart,2883379400
Linus Gawke,6954864834
Karrie Rault,5606859029
Serena Galletly,1163301804
Callida Muzzall,4874791821
Merell Handaside,3913693534
Gates Tutton,2107758899
Guthrey Redemile,4389128626
Dynah Skillman,4649356486
Sybila Phare,3622823395
Llewellyn Kalkofen,2766466499
Haroun Capnerhurst,7242477933
Evaleen Thorington,5334166269
Juliette Crepel,4724303889
Immanuel Ferras,3577214894
Ermanno Stronough,2966666593
Stoddard Bernli,5285764916
Halsy Atherton,3691542189
Francois McCart,6533050811
Aurie Leger,1277484963
Axe Enrique,2448367197
Hephzibah Feldharker,7496935659
Gerhard Otham,5046054525
Sibella Prangley,2229196447
Germayne Chatelain,7052493080
Vachel Letterese,8718737379
Demott Horsell,8156515126
Zachariah Llopis,8316113163
Olly Abercrombie,1094035955
Keriann Kohnen,9875086039
Chuck Yeell,3965761490
Aleda Fortnam,8535553859
Hynda Rickhuss,5939946869
Luella Jurczak,9413361673
Obediah Caddy,4895429550
Dinny Eastwell,8605362285
Dalston Stiffkins,9677473618
Adan Cure,1077283099
Marleen Neiland,5801939025
Talia Esslemont,6965362552
Abel Mayhead,3459204740
Gale Kopisch,3993570242
Farly Dobble,8575623651
Thomas Jurgenson,7697476629
Lorain Prettjohn,6017432565
Charmian Kirvell,8351944222
Lanna Goldhawk,6819917888
Andres Guilder,5474699508
Emmett Langland,3648282755
Andie Boswood,8224732510
Annaliese Puddin,6706411576
Laurette Sowood,9254164841
Neddie Tume,4479350310
Allyson Robatham,3986648479
Alon Suston,9694148631
Jacquette Eisold,1123331677
Ilka Hustler,2038452150
Devin Aslet,7576534142
Sarina Brandsma,9572058996
Quent Burr,7057362110
Griselda Spatoni,7215805703
Abram Breslau,8594445207
Neron Gant,3151083784
Maureen Abrahm,4634302614
Ingar Conry,7565259596
Gabi Dibble,9888041529
Lyndy Stansbury,3811428484
Mirelle Slarke,4087185669
Rosaleen Ankers,2569570788
Jen McNeachtain,7525412616
Loralee Kalinovich,2585057931
Ortensia Livezley,7538108627
Ira Simond,6556853674
Darelle Zima,5409499879
Jehu Brunsdon,5361323009
Odele Stutt,9277565498
Bone Duckett,9962289628
Nicolina Warre,4832223657
Perle Leehane,4102227884
Angela Brauninger,5758104834
Gaelan Walsh,2159048117
Rickey Maggorini,6602587323
Nickie MacCleod,6989067281
Annnora Bolte,4675632033
Zandra Wanell,8523095089
Faun Coils,2466367794
Shelden Featonby,3325642739
Dallon Lardiner,7661588899
Lillian Tretwell,9185559828
Gannie Merrikin,4729877622
Griffin Doucette,9917080852
Rab Knowlton,6757827474
Emmalyn Jakubowski,3893313479
April Wisniowski,4234181416
Sabrina Haggeth,8126288321
Albert Gentric,3001314911
Pat Burchnall,1263431736
Noam Lowdes,5255631319
Daniella Osgardby,1348116952
Baxy Gwyneth,8161561028
Dona Sammonds,8224520926
Cinderella Olijve,6212902900
Emmalee Machen,5019814528
Keslie Sallinger,3824954332
Birk De Gregoli,2262021763
Tamma Toothill,6112502590
Wilek Blackhall,7752683333
Neala Jelk,3099857411
Dav Pirelli,4674204905
Tine Kalisz,9863738442
Arman Kirimaa,2076072927
Viviene Ottiwill,9513098257
Tudor Crimpe,4829513489
Penelope Mattedi,3434912754
Sophie McCarlich,9803460732
Derick Dugood,1474411110
Nicolais Tuther,5669333512
Keven Deinhard,9678944383
Bettine Handasyde,4891833608
Walker Haly,5418699813
Udell Corney,3455763721
Waneta Maliphant,2197906952
Bamby Fidock,1615972107
Audrey Druitt,9045538164
Elisabetta Cecely,4963801525
Bond Marson,4154340902
Earl Simoneton,6157115120
Ephrem Le Ball,4939559089
Griz Fitchell,2041325189
Kristo Drillingcourt,8638839141
Ferrel Tongs,3876691669
Carmina Gilding,7103997360
Zach Calven,6911159711
Hyatt Borman,9726848211
Gisela Karolovsky,3832725457
Ronica Rohfsen,5436958158
Aharon Hyrons,3801256114
Rena Tweddell,3325044311
Ilario Lishman,9734869208
Roselia Brahm,7483321290
Nikolos McOnie,7794634854
Claybourne Hembery,2675640836
Hollie Toppas,3141252547
Lanie Elfleet,7605783629
Mart Bodemeaid,9081819493
Bernie Roels,7302733733
Ralina Castagnasso,9981642132
Gaspar Boorer,2307414824
Torrey Yanuk,9254209298
Daniella Gallelli,1962146883
Harv Bryce,5272290569
Kynthia MacGlory,9683056198
Candace MacDearmid,8334733904
Lorinda Storrie,6794847167
Bobina Oneil,1937095542
Janelle Hearsum,9786435882
Raffaello Viles,4357341533
Noellyn Wellman,3693745501
Georges Danbrook,7916149849
Florida Teague,8002278771
Hally Byrom,5627598906
Cammy Greves,3744965680
Florencia McColl,6664801441
Aeriela Mayward,8894769336
Anetta Cornwell,5769542969
Cecilius Timlin,6475950829
Bobbee Lecount,7996806916
Jareb Gotter,8001130298
Kenon Oxterby,5118911638
Nana Hambrick,5632816486
Nils Gergolet,4222725797
Aleta Mackrell,2021842236
Ambros Elder,2387795706
Jaimie Leathem,5251633179
Kristin Karpeev,1819193346
Blanca Ibbott,7113428807
Bancroft Holbie,6301095220
Raquel Mowen,9551843404
Adele Gant,4491963156
Noellyn Alden,9886012461
Emile Whiten,4953931394
Annnora Moorcraft,7258152803
Lani Ironside,6681599199
Julietta McKinless,1261049543
Dayle Rickerd,6719116586
Grenville Hegerty,4809231701
