nome_func,telefone_func
Rafaellle Mico,7892261271
Fayina Meran,3633534596
Irina Conniam,9521102059
Guthrey McAtamney,1148696829
Nikkie Giggs,4749509348
Brigitta Hiley,1114697443
Bryna Drewet,6545067532
Baxie Fruish,1158741533
Desirae Grave,3542490959
Pascal Deniso,9403979374
Rollo Breedy,8589225209
Kali Wabey,4978909639
Rosy Womersley,9815012312
Opalina Croal,7516643134
Yorgos Barsham,9095406085
Amil Ricciardello,3974416168
Yelena Gatcliff,8978395235
Riccardo Oby,9693847901
Vikky Jefferd,2399801423
Gerik Stigers,2265516600
Felizio Budik,9436186179
Maximilian Deschlein,7563662727
Dore Dewis,1587252787
Rebe Whitaker,6847128962
Estrella Rosendall,7382176919
Chilton Greenhead,9289661297
Kellia Caves,3184985381
June Benley,4964813888
Moses Younglove,4619811997
Marietta Radki,3026357794
Robina Thresh,5504771910
Seymour Scading,7574917428
Colette Erridge,9588536272
Haven Attersoll,6832010904
Meara Burdess,6775336278
Domingo Stow,9859307718
Alexander Arnefield,2681067470
Tomi Blakelock,6056513615
Jourdan Thurlbeck,1214662357
Hercule Gillon,7341419868
Dell Craik,5898618576
Ina Gillibrand,4326245208
Myrle Kollas,4829629721
Teddy Gooch,4607819999
Robert Searston,7106645438
Paulie Winsom,6997422469
See Porcas,1731590082
Hussein Brickwood,1454518838
Salem Tilley,2384934334
Gottfried Casburn,2485956444
Randee Gonthard,6824625182
Archibald Fennell,3599231032
Hubie Garett,5095584030
Emma Hubbins,9037970919
Lynelle Cockhill,2568501856
Calhoun Lindelof,6794574113
Ajay MacRierie,5033336035
Phillip Denizet,6688815564
Alfonso Busson,1995864129
Elissa Nyles,2991105282
Kristan Harmar,7844093114
Davey Twells,5151149861
Tibold Llewellen,9695190674
Rhetta Ameer-Beg,1079515425
Deina Wass,6901329213
Agata Mockford,2875149097
Ignatius Donaher,8005246965
Justinn Hassell,4657336999
Bel Roggerone,9135991268
Temple Vaadeland,9569238602
Vannie Boken,6257832035
Theo Greeve,1603364523
Darcey Picott,3288024825
Corrine Kaveney,2604673020
Geralda Lodin,1705283461
Reggie Hammerson,9006358880
Abner Painter,7753741944
Fonzie Sanders,8321631223
Dorolisa Clubb,1884646814
Rollo Obray,2475883534
Linnet LArcher,4022950996
Dulcy Gillow,5586491726
Petronella Sacaze,8606321790
Rustin Branch,8761833054
Enrique Rhys,6164446860
Arabel Fleury,2747448868
Rae Duffitt,6305560652
Rosene Colbron,5037672721
Zelig Lockhart,1077780352
Milli Shellshear,8461116659
Merwyn MacKowle,8288793416
Edie Need,9536773946
August Scroxton,2156239394
Jillana Pittel,4449135118
Merle Mattacks,2009654542
Francine Brussels,4526874098
Risa Goode,1052490567
Saidee Drewry,8412566974
Augusto Chapell,2407354994
Garfield Brackenbury,5912683767
Sallee Kenwright,2708290442
Minda Magee,2531170656
Daffie Errichiello,2085603928
Averill Toffoloni,2641725445
Fitzgerald Axston,7799707891
Zilvia Armitt,3662904367
Hester Garrett,2945654594
Ricky Voak,6676031110
Claiborne Gillease,8623662840
Renaldo Esplin,9254217259
Easter Wybrow,6586301312
Row Macek,3875831954
Aaren Dwire,4706739576
Pieter Gimbart,8784733992
Colleen Kerfoot,9837668949
Malvina Skentelbury,9606331395
Donnamarie Domsalla,5198451470
Bettye Sparrowhawk,1648298456
Pepillo Scoone,7761505443
Alejandra Culpin,7909905329
Tonye Compston,5928079808
Imogene Cumberland,2929512864
Tabitha Spieght,5665364892
Pattie Guiso,1216547713
Sinclare Millier,1798450516
Vanni Baugham,7938554937
Fleurette Yoell,1846675700
Roanna Crehan,2312480729
Timotheus Threader,9151966506
Tiler Ayshford,3636890175
Libbie Lammerding,8714525962
Harmonia Illsley,2591235612
Pennie Shirlaw,9018601950
Susy Collihole,8449869365
Eirena Gosnay,3338711162
Guillermo Mouat,5328592988
D'arcy Abby,5555016422
Trace Runacres,7154031059
Sergei Cristofolini,8946986290
Shirline Kirkpatrick,1851313617
Sharl Sugarman,5295987384
Kevina Bonhan,7904418672
Addia Fairey,5806089710
Daisi Heinrici,6691541503
Hy Penvarne,6447350481
Esme Hinken,7131765014
Pernell Martygin,2103708276
Chickie Chivrall,8186484384
Georgianne Worland,5099936208
Nanette Sevin,5039823511
Lisetta Pennick,7707762999
Cassey Fookes,4672542246
Gweneth Sowley,9899713509
Augustine Hardi,9677369007
Paddy Shimon,5052644135
Sarine D'Ambrogio,3542533057
Shir Kenner,7534618967
Shane Tixall,3134891369
Kennedy Colbridge,2949864334
Zia Garred,3681321657
Ritchie Dimitru,2863829546
Elbertina Kenzie,5645720077
Jessamine Mattielli,5852438628
Feliza Stronge,8365158232
Byrann Buston,7502478406
Elvina Muat,1994035817
Mariann Pauel,1552548467
Blisse Schenfisch,5471872301
Reggis Fortun,8992981292
Bettine Van der Daal,7722256657
Ase Righy,7104625181
Collie Isley,6265209657
Lewie July,9022972970
Mei Bemwell,7694522427
Keefe Spurdens,7133368529
Jonie Lammertz,2118658457
Marcella Hamnet,8758605029
Cosette Saxon,5183581178
Robinet Botger,7634631778
Natka Abys,7141403630
Stormi Linay,1342328602
Hagen Towl,6637400456
Isaak Mcasparan,4995767462
Ike Riccardo,8102847757
Thorny Blaszczak,2815250197
Paxton Staig,3156589555
Temple Bidnall,1121898305
Marlena Pell,9802776475
Bertram Rault,5909518848
Kalil Magnus,5819344424
Ambur Bussen,1762717666
Tripp Rigge,3646494360
Stavro Vardy,1935858066
Madison Seilmann,1757994077
Merwin Halgarth,2227698805
Krystal Yoell,7701111746
Jamima Bonnaire,6547395118
Gustavo Jenkin,1188592887
Leia Layzell,2273927129
Roseanna Staner,6306790635
Noby Battaille,8807563560
Elwin Glashby,8754884667
Barbee Hansmann,2263738160
Chuck Attow,9953694595
Devonna Allender,3813154223
Arlie Newlove,6897032883
Batholomew Pawelczyk,3032949993
Clair Kruszelnicki,5244987330
Heidie Rowberry,6719583517
Rayna Bartholomaus,2949352779
Denise Bastard,4378076903
Consuelo Bulbrook,9726358395
Sol Laidlaw,2596499338
Stephi Shepton,8478771838
Gianina Lettuce,9158156527
Kendrick Haldin,8922487740
Tracey McGurk,5776521358
Danice Dall,6221513219
Adda Krystek,2051302833
Merridie Culshew,4848017231
Garek Hawket,1405739603
Gui Carass,9631327693
Della Boosey,8398852345
Janessa Pettett,6705509399
Hermione Creak,1882227446
Reider Ivashkov,3977262079
Agnese Label,7189701932
Tabina Arsey,9601430696
Joy McCrohon,6476095156
Matilda Jaouen,7323005034
Mary Gonsalo,9247534459
Cheri Cripwell,6867559617
Aggy Sayce,9629748433
Flory Ivers,6203567976
Godiva Smalls,4019735334
Con Carder,4952509762
Van Beard,3396584790
Tansy McCunn,8382284565
Enos Rolse,3886531016
Sissy Ricardet,3671511188
Lauralee Becom,8492412949
Web Riggert,3777128661
Dougie Lethby,5922588695
Kamilah Olver,4716081266
Benton Pichmann,4856238906
Carlotta Shadwick,6278688457
Charmine Cullerne,1628824214
Gillie Kiefer,1828506533
Sibylle MacGinney,8201991500
Derrick Taynton,8191702014
Harmony Brawson,9809701147
Wrennie Carrick,7692935554
Aksel D'Alesio,2459061354
Sonny Shacklady,7797011949
Javier Templeman,5763045363
Rafaello MacArthur,7389049558
Bourke Davidy,9601275201
Wilhelmina Figin,6266753574
Almeta Meader,3435507464
Kitty Scane,8781215437
Patty Sidon,6445130811
Pammie Bendall,9669833534
Inigo Course,1248018888
Katti Brendish,2639237364
Martyn Nornasell,5727015591
Sandor Mullaney,3663570844
Aurore Milington,8349358162
Mareah Ciotto,4005702626
Ddene Ledur,9482375612
Chas Fotherby,4534308086
Chelsie Lidstone,1198906237
Niko Graves,7335892714
Gerardo Giraldez,6614014726
Erika Seabrocke,2137578752
Shari Glasspoole,3515240932
Neal Taunton,8331866525
Thatch Beaushaw,9843329391
Herman Marking,9037381776
Alyosha Braben,6976688625
Ximenez Antoniewski,3598292289
Yoshiko Eliasen,6827419321
Allsun Drewery,9877898797
Kali Sporle,7692299056
Chaddie Shepland,4498871471
Marius Linge,2435304987
Natka Delacoste,4063922959
Mabelle Arkley,4268447267
Raven Byrth,7539216678
Ezechiel Matisse,9718072777
Phedra D'Ambrosi,9624345321
Brandi Giametti,2144571219
Norrie McCauley,8099207852
Ellswerth Thomasen,2377921999
Angy MacFadyen,2021511118
Orelee Drewson,7225805488
Dev Manclark,4336660126
Janek Nemchinov,2927460724
Sigismundo Folini,6127710741
Cornie Schulze,1884834354
Diannne Bonar,3594585241
Dulsea Niesing,3912635061
Lari Degoe,2896723165
Sharona Aulton,2725354462
Arther Norker,7218840062
Grata Meco,1158170122
Pollyanna Passingham,7234759945
Thibaud D'Orsay,4477904379
Britni Graham,2875568532
Gawen Stirrup,9105627704
Andris Fosserd,9806576541
Jayson Martusov,3429811577
Ezmeralda Rhymer,3978705411
Berni Chave,8956825189
Mick Slot,4406479915
Gallagher Buick,1648969200
Godart Wrist,8879123407
Angelica Noblet,4781423476
Korie Vina,7079186331
Toby O'Hanlon,9199996000
Angelica Chat,6336710022
Catarina Pays,3442068408
Myrah Grendon,8074515752
Zelig Durie,9426912672
Justen Kirdsch,7406068306
Judd MacAlester,9018403650
Zeb Bleazard,9291530373
Kattie MacDougall,7932316065
Edie Turn,7677207936
Margi Refford,7868392464
Catrina Templar,5335343585
Skelly Salleir,3434690514
Gertrud Arnson,3681042082
Kimball Matyushenko,5962621712
Flossy Crosser,1293569552
Rozelle Maylam,5794604129
Genvieve Casement,7772929039
Abbi Goudard,4472286415
Briana Chung,5708538697
Deni Hartell,5176339079
Brandea Moth,8911906674
Lionel Housecroft,6582059928
Gerik Busson,4735182079
Cozmo Lukins,4257618818
Flora Bounde,7132363047
Rourke Boutellier,7364789096
Rhodie Buzzing,5377230595
Cyrus Couvet,1733716303
Dosi Ethridge,9628158997
Berry Hildrew,5518483882
Damara Astle,6427088930
Jessalyn Wimsett,4627375612
Gayle Doylend,1652098877
Loree Seys,2674856203
Ninon Leahy,6777332455
Giselle Nicholls,8204978374
Alidia Skatcher,7274695375
Far Bound,8314069619
Cherice Bissatt,3838654782
Randa Kulas,7424072105
Rosana Autie,2675378956
Red Paulmann,9845604712
Chevalier Dugall,8715533039
Jonis Sprionghall,9295075756
Shannon Jerrold,3619174655
Crosby Want,1357096013
Arlina Dumpleton,2338201859
Winnah Lumsdaine,4396436883
Grace Letten,1031230657
Ivar Fishly,2024196770
Shoshana Erie,3724598420
Dredi Zarb,4741753007
Jacquette Skains,2081391179
Lyell Levine,5472986674
Octavia Bartosiak,8379179749
Bron Screech,6558498402
Billy Coleson,5791360297
Ginger Janjusevic,4755296047
Grove Blasik,5377075830
Levi Cleminshaw,8199343311
Mace Small,5725829656
Raynell Breagan,5958127961
Ulises Cohani,4052148339
Junette Partrick,9715329015
Berkley Folan,3431361967
Nathan Eustes,8061741684
Alley Dany,2657147431
Dallas Insoll,9326920463
Magnum Newrick,1441040065
Ferrel Steanyng,6562043821
Evaleen Croneen,6355521452
Melisande Gidden,5864811441
Danila Frankcom,4943602056
Yelena Bourgourd,5404046804
Rhett MacDiarmid,4677949234
Coleen La Torre,8816980646
Sandie Schild,7576350187
Valeda Tow,2224165328
Tull Mollnar,4685172715
Trish Sandifer,4877999143
Riccardo Gutch,7137996680
Case Wollard,8125106421
Rosemary Boake,4305611705
Cullin Forrington,9038847421
Kathlin Hanbidge,9283726947
Tove Goodey,2087086623
Diandra Howchin,9595273891
Adolphe Shakle,8872687188
Trevar Dupoy,7545287857
Janith Mitchelson,4711891543
Massimiliano Wickey,7439687269
Elsbeth Girhard,1612002157
Georgina MacGiffin,8051587273
Grata Thorouggood,5322191619
Agretha Calderwood,8544775610
Harry Lakeman,3908249889
Bliss Hubery,1822238036
Corliss Alekseev,2882415635
Valle Anfusso,6814609128
Carlotta Lauderdale,2613797484
Land Knutsen,3969772023
Marni Moseley,7169215671
Suzi Randlesome,2274834233
Lockwood Swaysland,5343323653
Morry Keable,4579746177
Doria Ollerton,4541895847
Tate Sturzaker,8359616225
Dov Cudby,3481789258
Tuckie Lanchbery,2312720041
Gilemette Brech,9257494250
Gill Lancastle,5383059022
Maggie Coppins,1518835026
Bernardine Rome,6318360499
Borden MacAllan,8891803835
Griz Cansdell,6157999083
Caro Van Halen,4618645223
Elset Gertz,9765560812
Francoise LaBastida,5228627198
Cullin Pattison,1503432750
Juanita La Vigne,8147443690
Barrie Loidl,8158708456
Brendin Filshin,5364157078
Isabella Iacabucci,9618374374
Alyda Quarlis,3088033073
Nevin Beggini,8002089561
Faydra Farny,1845383514
Ruthie De Ambrosis,3439472252
Eloisa Clampe,6822066077
Dorree Nucator,7189902424
Tannie Kinsella,5002449052
Brynna Loudwell,3427624049
Britta Ryley,4815086831
Norrie Haversum,3461941224
Marcelo McDill,3929211231
Heidi Tomaszewski,9311567654
Hattie Seel,1878433295
Reese Pedracci,2118418350
Rance Vinnick,2353339779
Russell Garden,9777570381
Sashenka Gudgen,8622975695
Calvin Donaher,4249011523
Joceline Lintall,1552599946
Floria Khristyukhin,7832748062
Quintina Foker,1914553320
Reggis Densell,3875388275
Jacki Colomb,1841993891
Ursula Lodwig,3496244615
Viv Bowhay,1662588582
Hamlin Yakunkin,7876119451
Benjamen Rennolds,3132641855
Flossie Vautin,1627085130
Frazier Wenderott,1943653480
Urban Fleming,1904717383
Bennie Busain,2756061534
Christoffer Culmer,2501747181
Vale Povele,7385497937
Doralyn Etty,1186577635
Lind Riseborough,6071817087
Kizzie Damato,3796602029
Meridith Cristofolo,1772471186
Clementina Gilchriest,1596659088
Torrence Pirelli,3363264334
Wendy Stearndale,5587367755
Evered Izatson,4997533206
Edin Varsey,1234432979
Dunc Goodson,3182614919
Clara Stoneley,5194762223
Mandel Guiel,9779949733
Olenolin De Ferraris,2805606055
Zechariah Grasner,8322819312
Valencia Cornils,4286914515
Jermayne Pallas,3216655321
Alvinia Frere,8417980255
Kamila Potier,1193349854
Judas Welfare,9675203662
Bernice Hoyt,1675557920
Hamid Heed,3913604900
Morgan Lauchlan,5841121080
Inglis Widmore,3519597421
Rory Askaw,2158506011
Johnna Cordoba,2019466216
Zane Warnes,5816967346
Julia Barthelemy,4099405203
Mannie Foulkes,3803631887
Dorree Garwill,2828953723
Brigitte Odom,3414781962
Faustina Gheraldi,1692235610
Nichols Rammell,6235571566
Karlis Marple,3175648672
Cristian Trevains,9335904618
Alina Belsher,7045898521
Phedra Cornew,6579001647
Moss Blackley,2293267172
Robyn Ambrois,9123526300
Pam Date,5736668221
Dick Gabbatiss,8717314885
Chuck Meade,7272069526
Husein Causer,8247099463
Rona Shemming,8954564354
Isaiah Snarie,7414640158
Starr Luckcuck,8223646483
Delcina Heaslip,6035672420
Astra Boxe,2862620483
Aidan Powdrell,2876791827
Merrielle Stendell,7717624651
Cirillo Venard,7174616357
Sigismondo Domeny,9745313291
Wallas MacMickan,3697201493
Giordano Newens,7816901326
Dela Coultass,1047352392
Dorolisa Zink,6611098885
Milt Hoodlass,4104894183
Mavra Moorman,5424437838
Nerte Ughetti,7742647783
Bobby Lucien,3721428545
Freddie Culleford,8869714313
Lyndy Packington,6296191145
Korney Abrahams,3602116100
Gerti MacCarrane,9282058184
Constantine Calyton,5836694563
Carny McMaster,6368941194
Dicky Eaken,1488831399
Arte Mowen,5291172026
Gil Hackelton,1659952603
Kizzie Addionizio,8356687923
Dorotea Sandiford,4362914446
Leia Tessyman,1567725383
Ingeberg Cholmondeley,7967778488
Kerrie Kliche,8824615599
Godard Rosiello,2139269452
Jobie Waud,5871247532
Scott Darbyshire,5615173005
Geneva McCracken,8292308621
Darya Cansdell,8097014289
Brennan Lupson,2173623916
Harriott Tarburn,4441548278
Jesus Burry,9017939600
Issiah Deekes,2443188713
Siegfried Duggon,5282631613
Gaye Dieton,6273841326
Jared Muncer,2473248479
Brigitta Elcombe,2179453129
Cesya Francesconi,2642536634
Effie Grimble,4026809874
Jedd Harroll,2734515206
Meagan Teeney,7802322513
Enrika Dansie,9853414037
Jordain Casse,6359638212
Mireille Philippson,1393445074
Frankie Twinbourne,1838438633
Duane Gilluley,2471799990
Hieronymus Conechie,5535893166
Elenore Barthelmes,6458372651
Nanon Micah,3874870407
Adlai Springtorpe,7075405338
Tamarah Stygall,1526938891
Idelle Kinastan,5435577306
Ambrosius Waistell,4387169927
Randolf Capelin,7692403789
Bordie Shackelton,9808820256
Hadria Leadbeater,5286291611
Hendrik Osipenko,6949639776
Alberto Vink,7942438314
Doris Jeff,1979170162
Delphinia Waind,9369414383
Kristy Rochester,6439894727
Joanie Miell,4549011361
Daniella Duffell,6632887231
Emory Hinken,7402434152
Cristy McAdam,4657061925
Estel Theunissen,2269292650
Dave Gueinn,9314595980
Issie Aspole,1764637087
Rance Cockerton,6039569346
Colan Merigot,8647400069
Raff Gamell,6334484560
Larine Dulwich,4848349394
Nicolas Tickle,8273032604
Denice Cordet,1691022669
Patsy MacShane,2519622661
Giulia Mays,3545441514
Tiena Robinett,1061834375
Heriberto Borham,2883792500
Cele Vickerman,1608481042
Blinny Civitillo,5751059304
Kellsie Criag,6611243110
Jessie Axelby,3255821694
Kenton Tytler,4646528339
Emogene Oliver-Paull,9825802009
Darcee Downer,2252228800
Martie Bodman,4157419692
Marcille Fettis,4739303619
Gilbertine Castenda,6936180304
Eilis Hankins,5377524581
Alie Torregiani,1384149999
Chastity Beirne,4856078362
Carleen Kuhle,9513373954
Trstram Stienton,5781129094
Winny Bruneau,9361224544
Benedicto Capnor,2977892665
Bari Nore,7888366873
Stanford Cafe,3576080895
Ives Stickles,9316570485
June Essery,9362077703
Clayton Andreutti,7169383997
Eileen Bouldstridge,5166666844
Ester Sunshine,9887441812
Arabella Capelle,5101404416
Minnie Tout,5476736805
Isabel Manvelle,1679845668
Adoree Slad,9534212655
Rozina Ziemke,3079953082
Balduin Birchenough,1185301666
Analise Whorf,6523287818
Swen Gerbel,2047235326
Ernest Mauchlen,4814057471
Mae Brolly,2902302559
Marji Dowse,1216524031
Lionel Estrella,3083280543
Sherwynd Mears,7944783917
Joela Gert,3713063976
Johnathan Calken,5371870109
Willy Lomansey,1406732613
Nomi Chorlton,6849848749
Farand Goodisson,7448972035
Harald Sherburn,8551109246
Lurleen Robic,5361221281
Arleen Ridesdale,2141188639
Elwood Blowers,2186723525
Chloe Wyne,1113051956
Dulciana Halksworth,5191428218
Kay Blouet,8393393781
Kay Schulz,9729192036
Hilliard Chippindall,6855671832
Dario Pyzer,2708686252
Dennet McAlister,4157493799
Kristi Lechmere,3449082914
Raviv Mateuszczyk,7407089911
Rhody Harmond,2746634007
Lainey Chominski,4253114710
Grethel Darey,6993502496
Lane Juanes,3304364466
Jean Thwaites,2218868229
Milena Lucius,5194810856
Alexander Frossell,2432383719
Wilburt Costanza,6904487265
Audrie Napoleon,7124114285
Yance Titt,2373313399
Biddy MacAlpyne,8041381211
Cordie Ciccarello,9495724608
Misha Prisley,2515205871
Faythe Skillett,3379640180
Staci Dewitt,3915831628
Papagena Bertomieu,3766858499
Mallissa Hudleston,5274464896
Matilda Thompstone,7108493877
Jerri Arnoult,9927977216
Urban Harkins,3851872372
Alan Curneen,9287114504
Dallas Cowthard,9917402278
Kasey Dodd,7834042115
Carlo Pyburn,9972861724
Alejoa Syddall,5738617224
Moises Karslake,7623101944
Lonnie Gainsford,8855589607
Carlynne Clac,8874805767
Valle Brose,1003768008
Hurlee Ronaldson,7673000591
Beryle Pendall,7499628232
Sheff Mitten,2878962004
Wade Jeandin,8379370811
Elfrida Salvati,9048801568
Alexia Neville,7658464511
Maximilianus Longfellow,9227619672
Tailor Mc Andrew,6219400795
Dawn Welham,8689492484
Lanny Kierans,7106046120
Cate Fonteyne,7094511309
Carlotta Casey,4754217374
Codie Saffe,3126174669
Humbert Fannon,3137666588
Johnath Santen,8136407028
Livia Ruckhard,1706510022
Jacquelynn Seiter,8096972628
Sutherlan Hodgon,2502777759
Filippa Salasar,1512982868
Lenard Wathan,4537373258
Annadiane Bibb,2251165169
Alphard Perazzo,4763839355
Tamra Fernihough,2615637272
Marylinda Hek,4117636073
Zachary Swapp,5997167373
Lou Cranfield,2375648041
Lilla Beacon,8602845371
Emmery Klyn,6383602811
Giulio Berndtsson,6403514709
Elysha Chardin,1517566004
Rogerio McAnellye,8383366236
Harriette Sides,7207615101
Nigel Powis,5631686733
Jasmine Peye,6496459184
Brnaby Kniveton,2915733071
Inglis Simes,8547753193
Briny Losemann,7419318438
Kiersten Guiduzzi,6452221649
Antonie Swaden,4327144222
Gretna Teas,4148569442
Datha Dougal,3549553273
Cal Jozsa,9347164012
Elfie Irvine,2743674932
Othilie Oxnam,2674448449
Dee dee Rye,5208324552
Anna-diana Domb,4866484445
Blondie Tierny,7481279120
Rora Moniker,1254290515
Reba Grcic,6728540087
Garwin Brosius,2008135723
Payton Bosward,6864282910
Joela Adanet,4139356839
Micky Gartan,6633865506
Tuck Winsper,5985481454
Ely Fowlston,5065266361
Dyanna Jost,4484074466
Poppy Van Hesteren,2568598603
Heindrick Coleman,3834427591
Devlin Ralph,2856488731
Genna Landrieu,7247505995
Miguela Baudains,7192633751
Lucila Vedstra,1101962079
Mariam De la Barre,9109940670
Gerek Simonett,1149602339
Binnie Tipton,4645079441
Pandora Billingsly,6143205883
Fiona Schimaschke,6716262320
Elicia Drescher,1441588282
Gav Branston,9894208358
Hank Sterling,5513072993
Basia Harkness,6049097512
Lauryn Weiner,6432731141
Cass Matchett,3775381411
Franky Drakeford,8515640719
Lenna Doudney,4549811551
Emlen Ringe,5904135731
Sybila Sodor,2636869494
Jonathon Kilmartin,9903864809
Emilia Twinborough,8046441029
Nicola Carden,8324023002
Herculie Shildrake,8201640907
Selena Friedman,9188465155
Bondie Le Frank,2729585558
Dasya Willson,8143625649
Wilmar Carlyon,7318194917
Lela Lasseter,9081581533
Debee Dericut,6324047904
Petey De Malchar,3697264680
Geri Biddell,5971909790
Lari Arend,4897353635
Estel Regi,1661227370
Julina Duker,1003039994
Marietta Haill,9428328168
Burtie Resdale,3913952606
Scot Poluzzi,9531528163
Ephraim Fenby,8119503376
Linet Fer,1872730306
Gilburt Castanos,6308436199
Jillana Paladini,1251620470
Heall Ferfulle,8284486563
Eden Goodlake,6412685121
Markos Menel,4773938714
Antin Rohloff,3038518279
Bronson Hendricks,1145469117
Adoree Gorwood,3737061799
Tait Ranger,5185586321
Sherline Woodfine,9916915573
Storm Kittley,3671224533
Caryn Creaven,5416072250
Christoffer Gareisr,4983001599
Melinde Toothill,5028590357
Sherie St. Quintin,3838884842
Bryna Thonason,3544517990
Renell Shelp,8771228757
Mercedes Rawood,9543101867
Dorris Rawcliffe,2989112875
Gustaf Akitt,5997706054
Doreen Moorerud,1882624715
Charla Lilbourne,4923886294
Adlai Boschmann,9331057013
Annadiane Zorzoni,8452592106
Drusilla Harriss,1931443761
Doll Crier,1899954395
Peta Mudge,5431851616
Gabriello Noto,6628013611
Albertine Michie,9987026212
Gillie Tregust,4223774946
Philippe Randle,2824414306
Arliene Hartin,9637845162
Julia Cornew,5321573274
Loreen Sawart,9241170259
Saunder Denford,5437170538
Margery Creaven,9535956895
Karole Bullcock,5729241512
Savina Gockelen,5934293339
Shanna Ibbett,2521096845
Aleen Graybeal,8754360909
Kellia Lefeuvre,9969055985
Tiphany Gostridge,9997519086
Silvan Pietron,8807391498
King Foad,1786426238
Jobina Mc Giffin,9826443752
Matthieu Grimsditch,5942538084
Stephanie Gethings,3801476838
Niels Niccols,4172140648
Floria Schole,2493188228
Rudiger Vaux,2274426016
Gennie Halpine,8595005379
Winna Stolle,4835136956
Clayton Margrem,9651480132
Brenda Geekin,2316877369
Zacharias Brumbie,9266407480
Octavia Risman,5197900441
Clyve Redfearn,3842297469
Judah MacGorman,9399244415
Scarlett Traske,6186442740
Charla Birtles,9805270047
Hugo Stollenhof,3324896439
Jolyn Gillett,3331528860
Orran Loggie,4802835101
Isaak Portal,5728924550
Con Gotmann,1821446224
Becka Allderidge,3378862805
Lorelle Rowthorne,1839225109
Stern Greggs,6605242522
Templeton Gosford,4535678949
Ivan Espino,6594795027
Idette Ridger,7815409815
Christian Ordidge,3405810806
Flinn Hitscher,5457386202
Kare Baukham,1861259069
Adena Colbrun,7447124773
Winslow Arnopp,6201085449
Carrissa Rishbrook,3258520813
Alejoa Collington,6307983876
Marti Craister,9081975417
Vito Izkovici,6815062668
Evelyn Sorro,3915159540
Brooke Darycott,3708353459
Guendolen Wheatcroft,1289929043
Chantalle Itzcovich,6781548525
Ernesta Quadri,9591203825
Cleon Morphew,5515274484
Zelma Gircke,9849318532
Beck Sare,9031183431
Roxanne Clawsley,2524751819
Ailis Woodison,3495428985
Kristoffer Wilne,4328389402
Nikita Bartalucci,5012167533
Shepherd Paulat,5579920766
Jason Beaver,9609418385
Torey Queyeiro,1457273705
Brig Owen,6091838672
Cassandry Twells,9061641640
Leroy Kennett,7785286499
Leonidas Handes,1058983733
Abramo Kollasch,3338956643
Verge Bernardeau,8807934788
Scarlet Klulik,8043990861
Kennie Echallier,5173363569
Eamon Whitfeld,1462385570
Byram Brunke,1477685250
Jonell Rucklesse,4627008586
Brand Follitt,7435205823
Gena Kuhnt,5996555037
Packston Mawtus,8047452067
Margret Shirtcliffe,9941549600
Priscella Wong,9958684098
Maximo Gillett,9732591615
Constancia Winscom,1449038878
Nannette Weymont,1484841302
Fair Scrinage,2649980920
Elladine Dondon,7908744863
Jerri Amberger,9564940883
Gwen Larciere,2824985800
Rita Hugnin,4058735521
Rudie Klimes,5702258523
Clair Caps,7074145658
Laurette Humphrey,2058943408
Herc Winscomb,2217114098
Dedie Moretto,8063049690
Christean Kinsey,6969590286
Nye Crutchley,7604480615
Filberto Cuseck,2504540801
Tessy Cummungs,5097777031
Laney Grigorescu,7984113977
Xena Shirt,8043311385
Sallee Aggott,5237430080
Cloris Philpotts,3684623290
Bertrando Francescoccio,3003461958
Stearne Desvignes,7297887772
Curcio Hamsher,1877926430
Innis Vasilic,4069308215
Catie Reedie,4631958243
Jacquie Junifer,9667676493
Zeke Holliar,1747282038
Terza Witcher,6337366977
Delbert Engledow,7278897344
Brigg Shemmans,8971872925
Pavia Castagneto,7032254981
Myrtie Gitthouse,7171625884
Graig Kaaskooper,7352687808
Shurlocke Voss,2056695915
Carolann O'Hingerty,9552989162
Blake Asaaf,5659004784
Marisa Hatherleigh,7278801527
Nicol Vickers,1226067264
Field Ingray,9618903131
Danell Wade,5776431316
Mellisent Rustan,5125962772
Judd Cufflin,2477897618
Pedro Lawerence,1439863102
Gerianna Troth,5765281553
Erl Taw,8729346529
Brena Probbin,6983123303
Sheryl Chessum,3933501835
Judi Richfield,2193669459
Jarid Bicknell,8787577465
Egor Astill,4359648156
Mathilda Knudsen,4065167734
Wilone Glasscott,1223018083
Leicester Minithorpe,9705635456
Auberta Lamminam,9329326471
Hersh Benediktsson,5744833053
Aube Finders,5846432304
Griffie Jewess,3312731342
Lark Maling,3656350037
Odell Collick,8841495229
Karil Pinock,1981957900
Parker Carmo,3232165540
Octavius Screas,4664850076
Juliana Worner,8297040726
Lynnelle Landell,8315117664
Wynne Critchard,5351938122
Eleanora Starkings,3672807965
Troy Libermore,5615458342
Lauren Davidai,1847903948
Miller Boord,3579704511
Kaylee Farrin,7672145187
Adan Apple,9453363295
Penelope Hurche,2706087824
Caresa Birt,1593190328
Alyosha Morfield,8342563227
Walt Gillbee,2158241372
Claude Maffione,1156221521
Louisa Deveral,2782838848
Margo Middlehurst,7791779238
Keane Czaja,7105291425
Geno Dany,8287201238
Carrol Gillitt,7374985472
Meredith Jereatt,1238147376
Stefa Sweatman,2272937935
Bethina Bourcq,9271697485
Isadora Wraight,2585476991
Birdie Antusch,2201861110
Ellis Aldritt,4556060629
Wade Castilla,3624418165
Griff Gonthier,5101624917
Iris Slewcock,9025315381
Prince Muncey,6863380742
Clementius Karpmann,8566476341
Stanislaus Traher,3761599791
Louella Wellum,1443557671
Minne Godmer,6198413518
Hyacinthe M'Quhan,1586588026
Judah Otley,8953031699
Nial McGroarty,1439695019
Nelson Hitscher,6207060175
Bud Cookman,4099874914
Petronella Southgate,8619994110
Perla Lapere,9465704727
Teodor Grabb,1041029783
Laurette Charters,7584456521
Engracia Barnwille,5849168792
